y,X,term,contrast,SUBJ,estimate,std.error,statistic,p.value,s.value,conf.low,conf.high,p_breusch_pagan,heteroscedasticity,n_cook,p_shapiro_wilk,nonnormality,p_durbin_watson,autocorrelation
Whole_hippocampal_head_rhx,SUBJ * AHI.F + AGE + GENDER + SBTIV,AHI.F,mean(L) - mean(H),CON,-0.512895286321053,0.380031536920896,-1.34961243079101,0.17714033467906,2.49703534515792,-1.25774341167541,0.231952839033307,0.690495419830599,,1,0.466319922287931,,0.25,
Whole_hippocampal_head_rhx,SUBJ * AHI.F + AGE + GENDER + SBTIV,AHI.F,mean(L) - mean(H),PD,0.72999640501579,0.243015537727148,3.00390835846641,0.00266535594770817,8.55145607261485,0.253694703386945,1.20629810664464,0.690495419830599,,1,0.466319922287931,,0.25,
Whole_hippocampal_head_rhx,SUBJ * AHI.F + AGE + GENDER + SBTIV,PD - CON,NA,NA,1.24289169133684,0.441029212797372,2.81816182527547,0.0048299460107193,7.69377722199915,0.378490318123944,2.10729306454974,0.690495419830599,,1,0.466319922287931,,0.25,
Whole_hippocampal_body_rhx,SUBJ * AHI.F + AGE + GENDER + SBTIV,AHI.F,mean(L) - mean(H),CON,-0.407489312293902,0.343315705820988,-1.18692301396306,0.235257988643504,2.08768438157995,-1.08037573102999,0.265397106442183,0.441027165168465,,0,0.523218952249046,,0.866,
Whole_hippocampal_body_rhx,SUBJ * AHI.F + AGE + GENDER + SBTIV,AHI.F,mean(L) - mean(H),PD,0.538766740513048,0.214887195278998,2.50720728060852,0.0121689327033493,6.36065355016251,0.117595577027388,0.959937903998709,0.441027165168465,,0,0.523218952249046,,0.866,
Whole_hippocampal_body_rhx,SUBJ * AHI.F + AGE + GENDER + SBTIV,PD - CON,NA,NA,0.94625605280695,0.352757316937966,2.68245620252678,0.00730837207710888,7.0962341996656,0.254864416325557,1.63764768928834,0.441027165168465,,0,0.523218952249046,,0.866,
Hippocampal_tail_rhx,SUBJ * AHI.F + AGE + GENDER + SBTIV,AHI.F,mean(L) - mean(H),CON,0.590280536352158,0.439804227390033,1.34214384398965,0.17954936028008,2.47754758208196,-0.271719909580772,1.45228098228509,0.0779399964210996,,0,0.0901089042550414,,0.31,
Hippocampal_tail_rhx,SUBJ * AHI.F + AGE + GENDER + SBTIV,AHI.F,mean(L) - mean(H),PD,0.628522985497974,0.285420820085566,2.20209228363071,0.0276587904413249,5.17611812303534,0.0691084576923777,1.18793751330357,0.0779399964210996,,0,0.0901089042550414,,0.31,
Hippocampal_tail_rhx,SUBJ * AHI.F + AGE + GENDER + SBTIV,PD - CON,NA,NA,0.0382424491458162,0.453674631257157,0.0842948812011911,0.932821982128594,0.100326308563532,-0.8509434888177,0.927428387109333,0.0779399964210996,,0,0.0901089042550414,,0.31,
hippocampal_fissure_rhx,SUBJ * AHI.F + AGE + GENDER + SBTIV,AHI.F,mean(L) - mean(H),CON,0.0571787465390351,0.257310192459619,0.222217184606896,0.82414481714948,0.279030227592716,-0.447139963536887,0.561497456614958,0.0142575853685002,!,0,0.0495080170653795,!,0.154,
hippocampal_fissure_rhx,SUBJ * AHI.F + AGE + GENDER + SBTIV,AHI.F,mean(L) - mean(H),PD,0.143768455494334,0.301832746683957,0.476318282472085,0.633847642401739,0.657791992640352,-0.447812857361023,0.735349768349691,0.0142575853685002,!,0,0.0495080170653795,!,0.154,
hippocampal_fissure_rhx,SUBJ * AHI.F + AGE + GENDER + SBTIV,PD - CON,NA,NA,0.0865897089552993,0.458736780029698,0.188756848643559,0.850283393583888,0.233984333193498,-0.812517858286781,0.98569727619738,0.0142575853685002,!,0,0.0495080170653795,!,0.154,
fimbria_rhx,SUBJ * AHI.F + AGE + GENDER + SBTIV,AHI.F,mean(L) - mean(H),CON,-0.371602490737687,0.334606591709715,-1.110565362263,0.266755479097961,1.90641019089942,-1.02741935947843,0.284214378003052,0.0348821263784652,!,0,0.816931012661201,,0.962,
fimbria_rhx,SUBJ * AHI.F + AGE + GENDER + SBTIV,AHI.F,mean(L) - mean(H),PD,-0.0860436799091848,0.235844422830497,-0.36483237074902,0.715236539779733,0.483507652532198,-0.548290254611595,0.376202894793226,0.0348821263784652,!,0,0.816931012661201,,0.962,
fimbria_rhx,SUBJ * AHI.F + AGE + GENDER + SBTIV,PD - CON,NA,NA,0.285558810828503,0.387541318420167,0.736847394730963,0.461215157568329,1.1164881677838,-0.474008215796194,1.0451258374532,0.0348821263784652,!,0,0.816931012661201,,0.962,
parasubiculum_rhx,SUBJ * AHI.F + AGE + GENDER + SBTIV,AHI.F,mean(L) - mean(H),CON,-0.458629670403331,0.377967951225882,-1.21340888537199,0.224973530866566,2.15217282292897,-1.19943324211645,0.282173901309789,0.817570157394828,,0,0.0226993841176022,!,0.536,
parasubiculum_rhx,SUBJ * AHI.F + AGE + GENDER + SBTIV,AHI.F,mean(L) - mean(H),PD,0.376979346893755,0.307900385944057,1.22435490211516,0.220818374093246,2.17906787245283,-0.22649432038258,0.98045301417009,0.817570157394828,,0,0.0226993841176022,!,0.536,
parasubiculum_rhx,SUBJ * AHI.F + AGE + GENDER + SBTIV,PD - CON,NA,NA,0.835609017297086,0.542210332341373,1.54111599771395,0.123288557001171,3.01988919233857,-0.227103706137498,1.89832174073167,0.817570157394828,,0,0.0226993841176022,!,0.536,
HATA_rhx,SUBJ * AHI.F + AGE + GENDER + SBTIV,AHI.F,mean(L) - mean(H),CON,-0.29958782239075,0.40281537866585,-0.743734818126865,0.457036920744269,1.12961737988161,-1.08909145699468,0.48991581221318,0.768246701901306,,0,0.218564938342293,,0.298,
HATA_rhx,SUBJ * AHI.F + AGE + GENDER + SBTIV,AHI.F,mean(L) - mean(H),PD,0.65003856792836,0.303334564521413,2.14297559183194,0.0321150583373944,4.96060627265466,0.0555137462002492,1.24456338965647,0.768246701901306,,0,0.218564938342293,,0.298,
HATA_rhx,SUBJ * AHI.F + AGE + GENDER + SBTIV,PD - CON,NA,NA,0.94962639031911,0.47373404348545,2.00455593888151,0.0450105410429082,4.47359328323324,0.0211247268370967,1.87812805380112,0.768246701901306,,0,0.218564938342293,,0.298,
presubiculum_head_rhx,SUBJ * AHI.F + AGE + GENDER + SBTIV,AHI.F,mean(L) - mean(H),CON,-0.384056840483396,0.293887483586405,-1.30681591402473,0.191275239040041,2.38627796885737,-0.960065723819856,0.191952042853064,0.471048535169463,,0,0.0604344466946093,,0.344,
presubiculum_head_rhx,SUBJ * AHI.F + AGE + GENDER + SBTIV,AHI.F,mean(L) - mean(H),PD,0.805310024910725,0.257630094756699,3.1258383290634,0.00177298993711352,9.13959993664749,0.300364317853954,1.3102557319675,0.471048535169463,,0,0.0604344466946093,,0.344,
presubiculum_head_rhx,SUBJ * AHI.F + AGE + GENDER + SBTIV,PD - CON,NA,NA,1.18936686539412,0.391690366879846,3.03649761639139,0.00239344001098865,8.70669863775785,0.421667853218342,1.9570658775699,0.471048535169463,,0,0.0604344466946093,,0.344,
subiculum_head_rhx,SUBJ * AHI.F + AGE + GENDER + SBTIV,AHI.F,mean(L) - mean(H),CON,-0.481198265208603,0.338209566869675,-1.42278135317806,0.154799548503612,2.69152683123805,-1.14407683550006,0.181680305082852,0.760874198750486,,0,0.55985496934246,,0.838,
subiculum_head_rhx,SUBJ * AHI.F + AGE + GENDER + SBTIV,AHI.F,mean(L) - mean(H),PD,0.407438678955385,0.258625647243235,1.57539935926073,0.115164292214215,3.118234630113,-0.0994582751197158,0.914335633030485,0.760874198750486,,0,0.55985496934246,,0.838,
subiculum_head_rhx,SUBJ * AHI.F + AGE + GENDER + SBTIV,PD - CON,NA,NA,0.888636944163987,0.429403769266496,2.06946703258322,0.0385022818720888,4.69891223882455,0.0470210215759079,1.73025286675207,0.760874198750486,,0,0.55985496934246,,0.838,
CA1_head_rhx,SUBJ * AHI.F + AGE + GENDER + SBTIV,AHI.F,mean(L) - mean(H),CON,-0.418908756287313,0.348320611053469,-1.2026527945629,0.229110708347578,2.1258832049095,-1.1016046090251,0.263787096450471,0.352843393984262,,0,0.364494458760509,,0.6,
CA1_head_rhx,SUBJ * AHI.F + AGE + GENDER + SBTIV,AHI.F,mean(L) - mean(H),PD,0.703348599808595,0.267368646993452,2.63063230381616,0.00852261893378916,6.87448745723842,0.179315681106225,1.22738151851096,0.352843393984262,,0,0.364494458760509,,0.6,
CA1_head_rhx,SUBJ * AHI.F + AGE + GENDER + SBTIV,PD - CON,NA,NA,1.12225735609591,0.432969149353175,2.59200305096213,0.00954189253803207,6.71150884605746,0.273653416946742,1.97086129524508,0.352843393984262,,0,0.364494458760509,,0.6,
CA3_head_rhx,SUBJ * AHI.F + AGE + GENDER + SBTIV,AHI.F,mean(L) - mean(H),CON,-0.253805884985044,0.45001963278572,-0.563988471822729,0.572761977783667,0.803992370936792,-1.135828157581,0.628216387610907,0.446542564654581,,0,0.175767079513903,,0.68,
CA3_head_rhx,SUBJ * AHI.F + AGE + GENDER + SBTIV,AHI.F,mean(L) - mean(H),PD,0.418078813130372,0.29359319560611,1.42400716156676,0.154444398970751,2.69484054327205,-0.157353276363626,0.993510902624369,0.446542564654581,,0,0.175767079513903,,0.68,
CA3_head_rhx,SUBJ * AHI.F + AGE + GENDER + SBTIV,PD - CON,NA,NA,0.671884698115415,0.535065472594407,1.25570557722143,0.209222736380887,2.25688845610558,-0.376824357540525,1.72059375377136,0.446542564654581,,0,0.175767079513903,,0.68,
molecular_layer_HP_head_rhx,SUBJ * AHI.F + AGE + GENDER + SBTIV,AHI.F,mean(L) - mean(H),CON,-0.323205749253027,0.339871954156871,-0.950963282789283,0.341623015148834,1.54952292226329,-0.989342538755742,0.342931040249689,0.00113929684669406,!,0,0.676742858071634,,0.498,
molecular_layer_HP_head_rhx,SUBJ * AHI.F + AGE + GENDER + SBTIV,AHI.F,mean(L) - mean(H),PD,0.474542736468478,0.262853393138836,1.80535138162675,0.0710197139939244,3.81563663933386,-0.0406404472977883,0.989725920234745,0.00113929684669406,!,0,0.676742858071634,,0.498,
molecular_layer_HP_head_rhx,SUBJ * AHI.F + AGE + GENDER + SBTIV,PD - CON,NA,NA,0.797748485721505,0.445669213245096,1.79000133285577,0.0734536971275238,3.76702108233818,-0.0757471212571846,1.67124409270019,0.00113929684669406,!,0,0.676742858071634,,0.498,
GC_ML_DG_head_rhx,SUBJ * AHI.F + AGE + GENDER + SBTIV,AHI.F,mean(L) - mean(H),CON,-0.435536363092298,0.465032916633692,-0.936571041562143,0.348979253683629,1.51878682205528,-1.34698413131995,0.475911405135356,0.840404392321733,,1,0.0175417209272897,!,0.706,
GC_ML_DG_head_rhx,SUBJ * AHI.F + AGE + GENDER + SBTIV,AHI.F,mean(L) - mean(H),PD,0.468382070428838,0.315523369167339,1.48446079181041,0.1376867174121,2.8605387049713,-0.150032369419882,1.08679651027756,0.840404392321733,,1,0.0175417209272897,!,0.706,
GC_ML_DG_head_rhx,SUBJ * AHI.F + AGE + GENDER + SBTIV,PD - CON,NA,NA,0.903918433521137,0.478241124016284,1.89008930459598,0.0587460172972844,4.08936514269662,-0.0334169454767334,1.84125381251901,0.840404392321733,,1,0.0175417209272897,!,0.706,
CA4_head_rhx,SUBJ * AHI.F + AGE + GENDER + SBTIV,AHI.F,mean(L) - mean(H),CON,-0.355541160304853,0.474359104027192,-0.749518997920343,0.45354445246515,1.14068413683891,-1.28526791993684,0.574185599327132,0.806116088612372,,1,0.013958284441992,!,0.154,
CA4_head_rhx,SUBJ * AHI.F + AGE + GENDER + SBTIV,AHI.F,mean(L) - mean(H),PD,0.472341274841372,0.282935343095973,1.6694318556065,0.095031824846232,3.39544545676197,-0.0822018075802186,1.02688435726296,0.806116088612372,,1,0.013958284441992,!,0.154,
CA4_head_rhx,SUBJ * AHI.F + AGE + GENDER + SBTIV,PD - CON,NA,NA,0.827882435146225,0.467187342852545,1.77205664453869,0.0763851548511711,3.7105639062731,-0.0877879308777291,1.74355280117018,0.806116088612372,,1,0.013958284441992,!,0.154,
presubiculum_body_rhx,SUBJ * AHI.F + AGE + GENDER + SBTIV,AHI.F,mean(L) - mean(H),CON,-0.78809034122636,0.335367959065627,-2.34992735567843,0.0187770753033872,5.73488382187837,-1.44539946256369,-0.130781219889029,0.0858468104233425,,0,0.00467824529642317,!,0.28,
presubiculum_body_rhx,SUBJ * AHI.F + AGE + GENDER + SBTIV,AHI.F,mean(L) - mean(H),PD,0.371328119478768,0.260606866786069,1.42485930650319,0.154197874740721,2.69714521369506,-0.139451953545755,0.88210819250329,0.0858468104233425,,0,0.00467824529642317,!,0.28,
presubiculum_body_rhx,SUBJ * AHI.F + AGE + GENDER + SBTIV,PD - CON,NA,NA,1.15941846070513,0.403456012645031,2.87371714478626,0.00405672100893395,7.94547019652943,0.368659206574731,1.95017771483552,0.0858468104233425,,0,0.00467824529642317,!,0.28,
subiculum_body_rhx,SUBJ * AHI.F + AGE + GENDER + SBTIV,AHI.F,mean(L) - mean(H),CON,-0.572456335611737,0.395132633476083,-1.44877007645684,0.147401803018717,2.76217392330205,-1.34690206634133,0.201989395117851,0.171478548658324,,0,0.0135483631812864,!,0.53,
subiculum_body_rhx,SUBJ * AHI.F + AGE + GENDER + SBTIV,AHI.F,mean(L) - mean(H),PD,0.493397302696362,0.219604649885976,2.2467525298419,0.0246558470665771,5.34192637142129,0.0629800980823212,0.923814507310402,0.171478548658324,,0,0.0135483631812864,!,0.53,
subiculum_body_rhx,SUBJ * AHI.F + AGE + GENDER + SBTIV,PD - CON,NA,NA,1.0658536383081,0.492428172233822,2.16448549942426,0.0304271082867757,5.03849895939128,0.100712155756921,2.03099512085928,0.171478548658324,,0,0.0135483631812864,!,0.53,
CA1_body_rhx,SUBJ * AHI.F + AGE + GENDER + SBTIV,AHI.F,mean(L) - mean(H),CON,0.0865406998169367,0.378645390439145,0.228553422284023,0.819216029928547,0.287684149480897,-0.655590628355894,0.828672027989768,0.737363451316409,,0,0.407638683625129,,0.192,
CA1_body_rhx,SUBJ * AHI.F + AGE + GENDER + SBTIV,AHI.F,mean(L) - mean(H),PD,0.438221121062282,0.281982185624086,1.55407377984679,0.120166818740013,3.05688951038384,-0.114453807042814,0.990896049167378,0.737363451316409,,0,0.407638683625129,,0.192,
CA1_body_rhx,SUBJ * AHI.F + AGE + GENDER + SBTIV,PD - CON,NA,NA,0.351680421245345,0.420096532004438,0.837141929183147,0.402512794410976,1.31289345292744,-0.471693651513532,1.17505449400422,0.737363451316409,,0,0.407638683625129,,0.192,
CA3_body_rhx,SUBJ * AHI.F + AGE + GENDER + SBTIV,AHI.F,mean(L) - mean(H),CON,0.06156721476866,0.395882792424794,0.15551879482197,0.876412338077379,0.190318300246865,-0.714348800483083,0.837483230020403,0.459496319661337,,0,0.674294469006007,,0.64,
CA3_body_rhx,SUBJ * AHI.F + AGE + GENDER + SBTIV,AHI.F,mean(L) - mean(H),PD,0.371169043552124,0.350207967366022,1.05985322476742,0.289211378338658,1.78980378205256,-0.315225959584259,1.05756404668851,0.459496319661337,,0,0.674294469006007,,0.64,
CA3_body_rhx,SUBJ * AHI.F + AGE + GENDER + SBTIV,PD - CON,NA,NA,0.309601828783464,0.488832277214111,0.633349807725271,0.526505234172448,0.925480221229726,-0.648491829036894,1.26769548660382,0.459496319661337,,0,0.674294469006007,,0.64,
molecular_layer_HP_body_rhx,SUBJ * AHI.F + AGE + GENDER + SBTIV,AHI.F,mean(L) - mean(H),CON,-0.0438837667179923,0.34404037872386,-0.127554116992806,0.898501843759686,0.154406630684447,-0.718190518244277,0.630422984808293,0.693361849661154,,0,0.952011235460989,,0.488,
molecular_layer_HP_body_rhx,SUBJ * AHI.F + AGE + GENDER + SBTIV,AHI.F,mean(L) - mean(H),PD,0.454175981807289,0.235600680437867,1.92773629075772,0.0538879356722103,4.21389386844896,-0.00759286658406166,0.915944830198639,0.693361849661154,,0,0.952011235460989,,0.488,
molecular_layer_HP_body_rhx,SUBJ * AHI.F + AGE + GENDER + SBTIV,PD - CON,NA,NA,0.498059748525281,0.409339003006228,1.21674149022565,0.223702587734727,2.16034614966393,-0.304229954834458,1.30034945188502,0.693361849661154,,0,0.952011235460989,,0.488,
GC_ML_DG_body_rhx,SUBJ * AHI.F + AGE + GENDER + SBTIV,AHI.F,mean(L) - mean(H),CON,-0.396388548156099,0.30786071330539,-1.28755807748321,0.197899840522218,2.33715764509869,-0.999784458489475,0.207007362177277,0.56846786564697,,0,0.696680741949381,,0.486,
GC_ML_DG_body_rhx,SUBJ * AHI.F + AGE + GENDER + SBTIV,AHI.F,mean(L) - mean(H),PD,0.405237715177758,0.274837283851267,1.47446412473302,0.140356670119971,2.83283046872594,-0.133433462779536,0.943908893135053,0.56846786564697,,0,0.696680741949381,,0.486,
GC_ML_DG_body_rhx,SUBJ * AHI.F + AGE + GENDER + SBTIV,PD - CON,NA,NA,0.801626263333857,0.406351286713885,1.97274203267945,0.0485249604820342,4.36512915174349,0.0051923763031344,1.59806015036458,0.56846786564697,,0,0.696680741949381,,0.486,
CA4_body_rhx,SUBJ * AHI.F + AGE + GENDER + SBTIV,AHI.F,mean(L) - mean(H),CON,-0.249715410078794,0.332619580287339,-0.750753788646697,0.452800845146735,1.14305144394401,-0.901637807994808,0.40220698783722,0.948449146380217,,0,0.57813667040009,,0.856,
CA4_body_rhx,SUBJ * AHI.F + AGE + GENDER + SBTIV,AHI.F,mean(L) - mean(H),PD,0.508239143153551,0.252842644792373,2.01010056500122,0.044420546290138,4.49262905431381,0.0126766656046471,1.00380162070246,0.948449146380217,,0,0.57813667040009,,0.856,
CA4_body_rhx,SUBJ * AHI.F + AGE + GENDER + SBTIV,PD - CON,NA,NA,0.757954553232346,0.393049620331277,1.92839406025507,0.0538061300806443,4.21608564277086,-0.0124085467540993,1.52831765321879,0.948449146380217,,0,0.57813667040009,,0.856,
Whole_hippocampal_head_lhx,SUBJ * AHI.F + AGE + GENDER + SBTIV,AHI.F,mean(L) - mean(H),CON,-0.428779145635024,0.32486623316796,-1.31986369113757,0.186880532077816,2.41981180797474,-1.06550526243742,0.20794697116737,0.394727340905154,,0,0.164619422841198,,0.776,
Whole_hippocampal_head_lhx,SUBJ * AHI.F + AGE + GENDER + SBTIV,AHI.F,mean(L) - mean(H),PD,0.556580530135936,0.226558403569612,2.45667572408067,0.0140229201855893,6.15606937690416,0.112534218744607,1.00062684152727,0.394727340905154,,0,0.164619422841198,,0.776,
Whole_hippocampal_head_lhx,SUBJ * AHI.F + AGE + GENDER + SBTIV,PD - CON,NA,NA,0.98535967577096,0.431063266554116,2.28588180024673,0.0222611744499179,5.48932648171409,0.140491198266703,1.83022815327522,0.394727340905154,,0,0.164619422841198,,0.776,
Whole_hippocampal_body_lhx,SUBJ * AHI.F + AGE + GENDER + SBTIV,AHI.F,mean(L) - mean(H),CON,-0.227943295447179,0.284262671559552,-0.801875582877667,0.4226249316274,1.24255021716905,-0.78508789385304,0.329201302958682,0.174092247716826,,0,0.127266556506309,,0.042,!
Whole_hippocampal_body_lhx,SUBJ * AHI.F + AGE + GENDER + SBTIV,AHI.F,mean(L) - mean(H),PD,0.673650725799412,0.210469961826109,3.2006977145555,0.00137095276113918,9.51060542357002,0.261137180792717,1.08616427080611,0.174092247716826,,0,0.127266556506309,,0.042,!
Whole_hippocampal_body_lhx,SUBJ * AHI.F + AGE + GENDER + SBTIV,PD - CON,NA,NA,0.901594021246591,0.324465507362419,2.77870528850864,0.00545760155481358,7.51751721358935,0.265653312590734,1.53753472990245,0.174092247716826,,0,0.127266556506309,,0.042,!
Hippocampal_tail_lhx,SUBJ * AHI.F + AGE + GENDER + SBTIV,AHI.F,mean(L) - mean(H),CON,0.0540377738418544,0.344377671407374,0.156914278504229,0.8753124066426,0.192130075572425,-0.620930059196368,0.729005606880076,0.933235459727116,,0,0.52355940916433,,0.478,
Hippocampal_tail_lhx,SUBJ * AHI.F + AGE + GENDER + SBTIV,AHI.F,mean(L) - mean(H),PD,0.775791315458403,0.253439885639582,3.06104666004174,0.00220564719227355,8.82458224380697,0.279058267358872,1.27252436355793,0.933235459727116,,0,0.52355940916433,,0.478,
Hippocampal_tail_lhx,SUBJ * AHI.F + AGE + GENDER + SBTIV,PD - CON,NA,NA,0.721753541616548,0.398281473929954,1.81216950538725,0.0699600093813357,3.83732570705596,-0.058863802995689,1.50237088622879,0.933235459727116,,0,0.52355940916433,,0.478,
hippocampal_fissure_lhx,SUBJ * AHI.F + AGE + GENDER + SBTIV,AHI.F,mean(L) - mean(H),CON,0.336048367303832,0.313029044339377,1.0735373390448,0.283030094883134,1.82097263041591,-0.277477285716338,0.949574020324003,0.280358331816237,,0,0.0638362846199405,,0.674,
hippocampal_fissure_lhx,SUBJ * AHI.F + AGE + GENDER + SBTIV,AHI.F,mean(L) - mean(H),PD,-0.204945948534183,0.253238086915105,-0.809301440517077,0.418341777855915,1.2572460144386,-0.701283478401612,0.291391581333246,0.280358331816237,,0,0.0638362846199405,,0.674,
hippocampal_fissure_lhx,SUBJ * AHI.F + AGE + GENDER + SBTIV,PD - CON,NA,NA,-0.540994315838015,0.451446557791852,-1.19835738361627,0.230777915700955,2.11542292304058,-1.42581331005462,0.343824678378595,0.280358331816237,,0,0.0638362846199405,,0.674,
fimbria_lhx,SUBJ * AHI.F + AGE + GENDER + SBTIV,AHI.F,mean(L) - mean(H),CON,-0.194148503949499,0.286196507648172,-0.67837481856407,0.497534071105108,1.00713277017319,-0.755083351441058,0.36678634354206,0.759749137271131,,0,0.000526818253583865,!,0.202,
fimbria_lhx,SUBJ * AHI.F + AGE + GENDER + SBTIV,AHI.F,mean(L) - mean(H),PD,-0.0550198016898813,0.218449375662316,-0.251865227460902,0.801145237750254,0.3198642857266,-0.483172710433281,0.373133107053518,0.759749137271131,,0,0.000526818253583865,!,0.202,
fimbria_lhx,SUBJ * AHI.F + AGE + GENDER + SBTIV,PD - CON,NA,NA,0.139128702259618,0.33034809579593,0.421157875677793,0.673639801996378,0.569950712352463,-0.508341667861792,0.786599072381028,0.759749137271131,,0,0.000526818253583865,!,0.202,
parasubiculum_lhx,SUBJ * AHI.F + AGE + GENDER + SBTIV,AHI.F,mean(L) - mean(H),CON,-0.317989090131045,0.361808304187118,-0.878888313095736,0.379461835962982,1.39797329972254,-1.02712033564531,0.391142155383219,0.640612646255244,,0,0.114223400568298,,0.33,
parasubiculum_lhx,SUBJ * AHI.F + AGE + GENDER + SBTIV,AHI.F,mean(L) - mean(H),PD,0.212565405948129,0.350063864013988,0.607218932884871,0.543705629234785,0.879102329787825,-0.473547159808216,0.898677971704473,0.640612646255244,,0,0.114223400568298,,0.33,
parasubiculum_lhx,SUBJ * AHI.F + AGE + GENDER + SBTIV,PD - CON,NA,NA,0.530554496079174,0.362104410044257,1.46519755452392,0.142867026616229,2.80725511075882,-0.179157106250694,1.24026609840904,0.640612646255244,,0,0.114223400568298,,0.33,
HATA_lhx,SUBJ * AHI.F + AGE + GENDER + SBTIV,AHI.F,mean(L) - mean(H),CON,-0.252172538519298,0.341702079721232,-0.737989475290949,0.460520844768598,1.11866163571803,-0.921896308215347,0.417551231176751,0.843987107547768,,0,0.0479987212987102,!,0.826,
HATA_lhx,SUBJ * AHI.F + AGE + GENDER + SBTIV,AHI.F,mean(L) - mean(H),PD,0.376441576317799,0.327228359112368,1.15039410807463,0.249981585764422,2.00010626841915,-0.264914222262581,1.01779737489818,0.843987107547768,,0,0.0479987212987102,!,0.826,
HATA_lhx,SUBJ * AHI.F + AGE + GENDER + SBTIV,PD - CON,NA,NA,0.628614114837097,0.517284891372044,1.21521839381344,0.22428280680463,2.15660906513823,-0.385245641998824,1.64247387167302,0.843987107547768,,0,0.0479987212987102,!,0.826,
presubiculum_head_lhx,SUBJ * AHI.F + AGE + GENDER + SBTIV,AHI.F,mean(L) - mean(H),CON,-0.302420401142586,0.24446713311795,-1.23705954778255,0.216064976244884,2.21046286208326,-0.781567177457527,0.176726375172354,0.426520516625101,,0,0.980129127611548,,0.634,
presubiculum_head_lhx,SUBJ * AHI.F + AGE + GENDER + SBTIV,AHI.F,mean(L) - mean(H),PD,0.718533554262134,0.249631325490582,2.87837895684787,0.00399724645580159,7.96677775778783,0.229265146887598,1.20780196163667,0.426520516625101,,0,0.980129127611548,,0.634,
presubiculum_head_lhx,SUBJ * AHI.F + AGE + GENDER + SBTIV,PD - CON,NA,NA,1.02095395540472,0.363583800468932,2.80802927437346,0.00498456953981107,7.64831536370851,0.308342801123416,1.73356510968603,0.426520516625101,,0,0.980129127611548,,0.634,
subiculum_head_lhx,SUBJ * AHI.F + AGE + GENDER + SBTIV,AHI.F,mean(L) - mean(H),CON,-0.585765788101927,0.344799286499758,-1.69886020951014,0.0893455258009071,3.48446070523614,-1.26155997153656,0.0900283953327066,0.58218811006349,,0,0.63166231464889,,0.86,
subiculum_head_lhx,SUBJ * AHI.F + AGE + GENDER + SBTIV,AHI.F,mean(L) - mean(H),PD,0.50150206057535,0.247242714588676,2.02837952741973,0.0425215279119388,4.5556627520926,0.0169152445416296,0.98608887660907,0.58218811006349,,0,0.63166231464889,,0.86,
subiculum_head_lhx,SUBJ * AHI.F + AGE + GENDER + SBTIV,PD - CON,NA,NA,1.08726784867728,0.485324613528711,2.24028993867,0.0250721060107452,5.31777300478566,0.136049085350182,2.03848661200437,0.58218811006349,,0,0.63166231464889,,0.86,
CA1_head_lhx,SUBJ * AHI.F + AGE + GENDER + SBTIV,AHI.F,mean(L) - mean(H),CON,-0.434809534231993,0.388014399996769,-1.12060154013772,0.262457509144821,1.92984421994863,-1.19530378370858,0.325684715244594,0.236339923445506,,0,0.394441673444399,,0.294,
CA1_head_lhx,SUBJ * AHI.F + AGE + GENDER + SBTIV,AHI.F,mean(L) - mean(H),PD,0.403839733201034,0.25787075649198,1.56605478920831,0.117335791070205,3.09128494747611,-0.101577662189344,0.909257128591413,0.236339923445506,,0,0.394441673444399,,0.294,
CA1_head_lhx,SUBJ * AHI.F + AGE + GENDER + SBTIV,PD - CON,NA,NA,0.838649267433027,0.516296160023355,1.62435697254671,0.104299644492738,3.26119385447395,-0.173272611569077,1.85057114643513,0.236339923445506,,0,0.394441673444399,,0.294,
CA3_head_lhx,SUBJ * AHI.F + AGE + GENDER + SBTIV,AHI.F,mean(L) - mean(H),CON,0.190928448338138,0.365724750354628,0.522055037710743,0.601632010625727,0.733046765334586,-0.525878890611836,0.907735787288111,0.583088962003036,,0,0.339300973157126,,0.502,
CA3_head_lhx,SUBJ * AHI.F + AGE + GENDER + SBTIV,AHI.F,mean(L) - mean(H),PD,0.639496173345751,0.282385192685087,2.26462360602211,0.0235357870524036,5.40900009125727,0.0860313659155775,1.19296098077593,0.583088962003036,,0,0.339300973157126,,0.502,
CA3_head_lhx,SUBJ * AHI.F + AGE + GENDER + SBTIV,PD - CON,NA,NA,0.448567725007614,0.439321430798202,1.02104676339739,0.30723228367159,1.70259827386161,-0.412486456993467,1.30962190700869,0.583088962003036,,0,0.339300973157126,,0.502,
molecular_layer_HP_head_lhx,SUBJ * AHI.F + AGE + GENDER + SBTIV,AHI.F,mean(L) - mean(H),CON,-0.259936834816375,0.30886919796736,-0.841575775528917,0.400025453529485,1.32183629360626,-0.865309338766172,0.345435669133421,0.0422297005938263,!,0,0.563983050378023,,0.336,
molecular_layer_HP_head_lhx,SUBJ * AHI.F + AGE + GENDER + SBTIV,AHI.F,mean(L) - mean(H),PD,0.223398140977335,0.252921465659401,0.883270782868925,0.377089985766904,1.407019256994,-0.272318822632175,0.719115104586846,0.0422297005938263,!,0,0.563983050378023,,0.336,
molecular_layer_HP_head_lhx,SUBJ * AHI.F + AGE + GENDER + SBTIV,PD - CON,NA,NA,0.483334975793711,0.401736340069888,1.20311489796922,0.228931861012235,2.12700983459045,-0.304053782024204,1.27072373361163,0.0422297005938263,!,0,0.563983050378023,,0.336,
GC_ML_DG_head_lhx,SUBJ * AHI.F + AGE + GENDER + SBTIV,AHI.F,mean(L) - mean(H),CON,-0.385777015064912,0.359468523286707,-1.07318719185107,0.283187136208764,1.82017236247961,-1.09032237428266,0.318768344152832,0.325977374494693,,0,0.165149239203265,,0.28,
GC_ML_DG_head_lhx,SUBJ * AHI.F + AGE + GENDER + SBTIV,AHI.F,mean(L) - mean(H),PD,0.62454002053373,0.291672305196919,2.14123867575318,0.0322547956139143,4.95434251469432,0.0528728070599938,1.19620723400747,0.325977374494693,,0,0.165149239203265,,0.28,
GC_ML_DG_head_lhx,SUBJ * AHI.F + AGE + GENDER + SBTIV,PD - CON,NA,NA,1.01031703559864,0.433747732903785,2.32927335166672,0.0198445891685983,5.65511049443426,0.160187100731324,1.86044697046596,0.325977374494693,,0,0.165149239203265,,0.28,
CA4_head_lhx,SUBJ * AHI.F + AGE + GENDER + SBTIV,AHI.F,mean(L) - mean(H),CON,-0.264477574614659,0.33724090444019,-0.784239311223778,0.432899702411403,1.20789528608979,-0.925457601431145,0.396502452201828,0.192878896258361,,0,0.649533222654125,,0.934,
CA4_head_lhx,SUBJ * AHI.F + AGE + GENDER + SBTIV,AHI.F,mean(L) - mean(H),PD,0.534751538881786,0.270418558809728,1.97749570604748,0.0479856254041234,4.38125389360847,0.0047409028634926,1.06476217490008,0.192878896258361,,0,0.649533222654125,,0.934,
CA4_head_lhx,SUBJ * AHI.F + AGE + GENDER + SBTIV,PD - CON,NA,NA,0.799229113496444,0.430046619620193,1.85847086579196,0.063102176940371,3.9861664126667,-0.0436467726323302,1.64210499962522,0.192878896258361,,0,0.649533222654125,,0.934,
presubiculum_body_lhx,SUBJ * AHI.F + AGE + GENDER + SBTIV,AHI.F,mean(L) - mean(H),CON,-0.279227192125315,0.389862384974873,-0.716219883955492,0.473855587117606,1.07748064650984,-1.04334342560296,0.484889041352326,0.11996576986467,,1,1.05459280762858e-06,!,0.504,
presubiculum_body_lhx,SUBJ * AHI.F + AGE + GENDER + SBTIV,AHI.F,mean(L) - mean(H),PD,0.477187505190362,0.2474758179704,1.92821872093958,0.0538279265701525,4.21550133537354,-0.0078561850762135,0.962231195456937,0.11996576986467,,1,1.05459280762858e-06,!,0.504,
presubiculum_body_lhx,SUBJ * AHI.F + AGE + GENDER + SBTIV,PD - CON,NA,NA,0.756414697315676,0.459209774770831,1.64720948654276,0.0995149945895089,3.32894226723324,-0.143619922583902,1.65644931721526,0.11996576986467,,1,1.05459280762858e-06,!,0.504,
subiculum_body_lhx,SUBJ * AHI.F + AGE + GENDER + SBTIV,AHI.F,mean(L) - mean(H),CON,-0.131022324569546,0.377739210702887,-0.346859210950706,0.728697091342808,0.456608862822429,-0.87137757309579,0.609332923956699,0.791861194042365,,0,0.275853470880877,,0.106,
subiculum_body_lhx,SUBJ * AHI.F + AGE + GENDER + SBTIV,AHI.F,mean(L) - mean(H),PD,0.697828958498377,0.209666941309383,3.32827366174368,0.000873859801645837,10.1603105411217,0.286889304783313,1.10876861221344,0.791861194042365,,0,0.275853470880877,,0.106,
subiculum_body_lhx,SUBJ * AHI.F + AGE + GENDER + SBTIV,PD - CON,NA,NA,0.828851283067923,0.374669578389855,2.21221932837439,0.0269515139709333,5.21348987275209,0.0945124033210004,1.56319016281485,0.791861194042365,,0,0.275853470880877,,0.106,
CA1_body_lhx,SUBJ * AHI.F + AGE + GENDER + SBTIV,AHI.F,mean(L) - mean(H),CON,0.00876930307066217,0.349675681924532,0.0250783898451216,0.979992437166296,0.0291574792358236,-0.676582439770905,0.694121045912229,0.721894494651163,,0,0.569663278144219,,0.24,
CA1_body_lhx,SUBJ * AHI.F + AGE + GENDER + SBTIV,AHI.F,mean(L) - mean(H),PD,0.420197439996144,0.283782478528379,1.48070255138787,0.138685853806307,2.85010745707669,-0.136005997362989,0.976400877355278,0.721894494651163,,0,0.569663278144219,,0.24,
CA1_body_lhx,SUBJ * AHI.F + AGE + GENDER + SBTIV,PD - CON,NA,NA,0.411428136925482,0.443675328889389,0.927318041224811,0.353761429926905,1.49915133314081,-0.458159528526684,1.28101580237765,0.721894494651163,,0,0.569663278144219,,0.24,
CA3_body_lhx,SUBJ * AHI.F + AGE + GENDER + SBTIV,AHI.F,mean(L) - mean(H),CON,0.276070089569333,0.333742498623055,0.827194890397044,0.408126607288399,1.29291132658067,-0.378053187842263,0.93019336698093,0.533964530296292,,0,0.280562832373385,,0.282,
CA3_body_lhx,SUBJ * AHI.F + AGE + GENDER + SBTIV,AHI.F,mean(L) - mean(H),PD,0.909508586999677,0.302963078931655,3.00204430918413,0.00268173139032677,8.54261954453025,0.315711863648268,1.50330531035109,0.533964530296292,,0,0.280562832373385,,0.282,
CA3_body_lhx,SUBJ * AHI.F + AGE + GENDER + SBTIV,PD - CON,NA,NA,0.633438497430344,0.430307248901479,1.47206094958296,0.141004419458644,2.82618771360266,-0.209948212703067,1.47682520756375,0.533964530296292,,0,0.280562832373385,,0.282,
molecular_layer_HP_body_lhx,SUBJ * AHI.F + AGE + GENDER + SBTIV,AHI.F,mean(L) - mean(H),CON,-0.262859770120993,0.273938447906778,-0.959557784347401,0.337277824307969,1.56799062922224,-0.799769261999079,0.274049721757092,0.895481175148268,,0,0.0640686107185804,,0.0680000000000001,
molecular_layer_HP_body_lhx,SUBJ * AHI.F + AGE + GENDER + SBTIV,AHI.F,mean(L) - mean(H),PD,0.258159821238897,0.321729060782193,0.802413747179861,0.42231366355215,1.24361316998344,-0.372417550674099,0.888737193151892,0.895481175148268,,0,0.0640686107185804,,0.0680000000000001,
molecular_layer_HP_body_lhx,SUBJ * AHI.F + AGE + GENDER + SBTIV,PD - CON,NA,NA,0.52101959135989,0.392138407590584,1.32866248567997,0.183959346822886,2.44254111456751,-0.247557564472544,1.28959674719232,0.895481175148268,,0,0.0640686107185804,,0.0680000000000001,
GC_ML_DG_body_lhx,SUBJ * AHI.F + AGE + GENDER + SBTIV,AHI.F,mean(L) - mean(H),CON,-0.298569563006607,0.245218180270114,-1.21756699555361,0.223388562875247,2.16237277077406,-0.779188364690481,0.182049238677267,0.155313965782786,,0,0.322067597280722,,0.672,
GC_ML_DG_body_lhx,SUBJ * AHI.F + AGE + GENDER + SBTIV,AHI.F,mean(L) - mean(H),PD,0.641647546576412,0.264685732035488,2.42418637998358,0.015342728997383,6.02630107324254,0.122873044565237,1.16042204858759,0.155313965782786,,0,0.322067597280722,,0.672,
GC_ML_DG_body_lhx,SUBJ * AHI.F + AGE + GENDER + SBTIV,PD - CON,NA,NA,0.940217109583019,0.388474434677664,2.42028052724541,0.0155085378606067,6.0107935137609,0.17882120870024,1.7016130104658,0.155313965782786,,0,0.322067597280722,,0.672,
CA4_body_lhx,SUBJ * AHI.F + AGE + GENDER + SBTIV,AHI.F,mean(L) - mean(H),CON,-0.281359565591623,0.253703160266564,-1.10901088222945,0.267425487476548,1.90279112420659,-0.778608622478082,0.215889491294836,0.893473800265362,,0,0.0803902687516028,,0.374,
CA4_body_lhx,SUBJ * AHI.F + AGE + GENDER + SBTIV,AHI.F,mean(L) - mean(H),PD,0.765979596716117,0.267835084525887,2.85989267639088,0.00423784399912293,7.88245380356694,0.241032477249138,1.2909267161831,0.893473800265362,,0,0.0803902687516028,,0.374,
CA4_body_lhx,SUBJ * AHI.F + AGE + GENDER + SBTIV,PD - CON,NA,NA,1.04733916230774,0.368817163150924,2.8397245761558,0.00451525000859516,7.79097841297485,0.324470805651697,1.77020751896378,0.893473800265362,,0,0.0803902687516028,,0.374,
