Predictor,Domain: ,Outcome,F value,Df,Pr(>F),beta,b2.5,b97.5,model_type
PD,Memory,RAVLT-IR,0.487865191513691,1,0.486857344742188,0.152935186660083,-0.282638699715422,0.588509073035588,descriptive
PD,Memory,RAVLT-B,0.0349766042668987,1,0.852106649088418,-0.0410621632667056,-0.477836726098044,0.395712399564633,descriptive
PD,Memory,RAVLT-DR,0.140337498570166,1,0.708912801426909,0.0821979823170578,-0.354296366635936,0.518692331270052,descriptive
PD,Memory,RAVLT-Rec-FP,0.129924348867186,1,0.719448749913856,-0.079604292699889,-0.519020254017943,0.359811668618165,descriptive
PD,Memory,RAVLT-Rec-FN,0.138881501105787,1,0.710357014785005,0.081771194461123,-0.354727023133842,0.518269412056088,descriptive
PD,Attention,TMT-A,3.13633083140791,1,0.0802818037154347,-0.381685799225194,-0.810431128977345,0.0470595305269562,descriptive
PD,Attention,PST-D,0.00719594972043197,1,0.932611990899875,0.0189703924197192,-0.426156233602021,0.464097018441459,descriptive
PD,Attention,PST-W,3.16600473244206,1,0.0790323286906991,0.39018922624963,-0.0462972699666598,0.82667572246592,descriptive
PD,Executive function,TMT-B,9.13840550727078,1,0.00333969944288315,-0.629704841972696,-1.04409187199473,-0.215317811950658,descriptive
PD,Executive function,PST-C,1.43179184201356,1,0.235050938559409,-0.265211070630035,-0.706378077091732,0.175955935831661,descriptive
PD,Processing speed,GPT right,14.9058449375621,1,0.000226266094699137,-0.783763727335465,-1.18768011680503,-0.379847337865904,descriptive
PD,Processing speed,GPT left,22.7731221691052,1,7.9600178321326e-06,-0.931318532475472,-1.31962227101061,-0.543014793940334,descriptive
AHI,Memory,RAVLT-IR,1.8405727508554,1,0.178699935266615,-0.585389654165164,-1.44407779655648,0.273298488226156,descriptive
AHI,Memory,RAVLT-B,0.242153528245796,1,0.624002704775918,-0.218589038651056,-1.10258421778487,0.665406140482755,descriptive
AHI,Memory,RAVLT-DR,0.372721267051979,1,0.543255219516478,-0.265534320398378,-1.13109095966885,0.600022318872091,descriptive
AHI,Memory,RAVLT-Rec-FP,0.00216669995617704,1,0.962991085747522,-0.0208084169367487,-0.910605489132096,0.868988655258598,descriptive
AHI,Memory,RAVLT-Rec-FN,0.104472724711042,1,0.747370173930695,-0.143686923973703,-1.02835978351654,0.74098593556913,descriptive
AHI,Attention,TMT-A,0.348707201075967,1,0.556510396267677,-0.255962886320198,-1.118570839359,0.606645066718607,descriptive
AHI,Attention,PST-D,3.49401307166566,1,0.0653933824738373,0.827209265617922,-0.054001664058518,1.70842019529436,descriptive
AHI,Attention,PST-W,1.30911638933732,1,0.256099089042092,0.504359348091306,-0.37340450463749,1.3821232008201,descriptive
AHI,Executive function,TMT-B,0.136644385198973,1,0.712616724590361,-0.155956595528269,-0.99556111526497,0.683647924208432,descriptive
AHI,Executive function,PST-C,0.129343016702315,1,0.720098677507254,0.158793116239452,-0.720405358760502,1.03799159123941,descriptive
AHI,Processing speed,GPT right,1.52662901645963,1,0.220280735343401,0.503746727019385,-0.307768736078189,1.31526219011696,descriptive
AHI,Processing speed,GPT left,0.544655336502728,1,0.4626964486131,0.291071811473679,-0.493966018937027,1.07610964188438,descriptive
Right Hippocampus (tail),Memory,RAVLT-IR,1.39600962597695,1,0.24107682509067,-0.551489048871807,-1.48112013393392,0.378142036190312,descriptive
Right Hippocampus (tail),Memory,RAVLT-B,0.482749197474229,1,0.489298433575723,-0.334436920932414,-1.2931118873268,0.624238045461971,descriptive
Right Hippocampus (tail),Memory,RAVLT-DR,2.9514941995996,1,0.0898701273658915,-0.804672609603953,-1.73753203159591,0.128186812388006,descriptive
Right Hippocampus (tail),Memory,RAVLT-Rec-FP,2.84745700612118,1,0.0956735690700204,-0.795266592340683,-1.73411561026003,0.143582425578662,descriptive
Right Hippocampus (tail),Memory,RAVLT-Rec-FN,2.09475851852963,1,0.151917504012967,0.703548300338264,-0.264606685604874,1.6717032862814,descriptive
Right Hippocampus (tail),Attention,TMT-A,0.713800943775985,1,0.400836738566457,-0.399159015429329,-1.34012805587076,0.541810025012102,descriptive
Right Hippocampus (tail),Attention,PST-D,1.58240521055704,1,0.212423535358171,-0.609818925145697,-1.57597818012749,0.356340329836094,descriptive
Right Hippocampus (tail),Attention,PST-W,0.462281541107069,1,0.498710145198511,-0.32976969577682,-1.29640830983762,0.636868918283983,descriptive
Right Hippocampus (tail),Executive function,TMT-B,0.298489165506942,1,0.586431498595304,-0.25114674720512,-1.1666949670325,0.664401472622255,descriptive
Right Hippocampus (tail),Executive function,PST-C,0.0151058769762925,1,0.902519310703625,0.0593649836230244,-0.903275347354408,1.02200531460046,descriptive
Right Hippocampus (tail),Processing speed,GPT right,0.838351182796593,1,0.362803370327706,-0.410915148741497,-1.30494241982621,0.483112122343218,descriptive
Right Hippocampus (tail),Processing speed,GPT left,6.92956428939978,1,0.010288945510883,-1.08212489515194,-1.90103462151813,-0.263215168785743,descriptive
Left Hippocampus (tail),Memory,RAVLT-IR,1.55995722593628,1,0.215504850591903,-0.537939700293812,-1.39575779390497,0.319878393317343,descriptive
Left Hippocampus (tail),Memory,RAVLT-B,0.0487102233385596,1,0.825914811496311,-0.103686485990274,-1.03937230300348,0.831999331022933,descriptive
Left Hippocampus (tail),Memory,RAVLT-DR,1.77803028759472,1,0.186374301615231,-0.59968677479488,-1.4954079571747,0.296034407584938,descriptive
Left Hippocampus (tail),Memory,RAVLT-Rec-FP,0.0564013457177739,1,0.812924485851372,-0.113081852432494,-1.06163088656192,0.835467181696927,descriptive
Left Hippocampus (tail),Memory,RAVLT-Rec-FN,0.75832645550843,1,0.386595164130723,0.405023062012953,-0.521315193593291,1.3313613176192,descriptive
Left Hippocampus (tail),Attention,TMT-A,1.12812863559285,1,0.291538323019933,-0.473189772718175,-1.36049693810697,0.41411739267062,descriptive
Left Hippocampus (tail),Attention,PST-D,0.901512450714662,1,0.34550935122381,-0.466184669701055,-1.4447251486278,0.512355809225694,descriptive
Left Hippocampus (tail),Attention,PST-W,0.0180366171001845,1,0.893534564968691,-0.064788521271432,-1.02623961383707,0.896662571294211,descriptive
Left Hippocampus (tail),Executive function,TMT-B,0.434553797595925,1,0.511755379996217,-0.288715769507877,-1.16101739440637,0.58358585539062,descriptive
Left Hippocampus (tail),Executive function,PST-C,0.342883213365336,1,0.559975620316614,0.283200055493506,-0.680688657220164,1.24708876820718,descriptive
Left Hippocampus (tail),Processing speed,GPT right,3.58781534570243,1,0.0620604672373607,-0.811788525364793,-1.6655557365915,0.0419786858619169,descriptive
Left Hippocampus (tail),Processing speed,GPT left,4.28564184353277,1,0.041878504561004,-0.857891416371429,-1.68342736694162,-0.0323554658012418,descriptive
Right Hippocampus (body),Memory,RAVLT-IR,0.000620291692961501,1,0.980195494725443,-0.0116650557674043,-0.94450425536921,0.921174143834401,descriptive
Right Hippocampus (body),Memory,RAVLT-B,0.554202211317462,1,0.458901470130772,-0.350095892464726,-1.28673187730308,0.586540092373629,descriptive
Right Hippocampus (body),Memory,RAVLT-DR,0.791172415530229,1,0.376552718030578,-0.415986463847296,-1.34744082669607,0.51546789900148,descriptive
Right Hippocampus (body),Memory,RAVLT-Rec-FP,1.99411102351443,1,0.162047547385683,-0.676823596436128,-1.63162363798493,0.277976445112677,descriptive
Right Hippocampus (body),Memory,RAVLT-Rec-FN,0.00220233769009337,1,0.962692858406692,0.0225605517772815,-0.934910632440416,0.980031735994979,descriptive
Right Hippocampus (body),Attention,TMT-A,0.0997858005505665,1,0.752952712462897,-0.146981400371015,-1.07369590109623,0.779733100354195,descriptive
Right Hippocampus (body),Attention,PST-D,0.236709346508096,1,0.628050474988831,-0.233040743992548,-1.18766139986251,0.72157991187741,descriptive
Right Hippocampus (body),Attention,PST-W,0.0642045863069399,1,0.800682007177917,0.121121353464594,-0.83155275358186,1.07379546051105,descriptive
Right Hippocampus (body),Executive function,TMT-B,0.0798595004057624,1,0.778256120822081,-0.127527800886613,-1.02632048142751,0.771264879654286,descriptive
Right Hippocampus (body),Executive function,PST-C,0.208958224788441,1,0.648942620136585,-0.218103508762578,-1.16901389237819,0.732806874853034,descriptive
Right Hippocampus (body),Processing speed,GPT right,0.785263703985193,1,0.378368703855804,-0.379771119705533,-1.23351141114326,0.473969171732194,descriptive
Right Hippocampus (body),Processing speed,GPT left,1.32522643145107,1,0.253313052224856,-0.476303163263422,-1.30053621593963,0.347929889412786,descriptive
Left Hippocampus (body),Memory,RAVLT-IR,0.0944461276495181,1,0.759439690197688,-0.136013142059303,-1.01748153864376,0.745455254525155,descriptive
Left Hippocampus (body),Memory,RAVLT-B,0.109116959937016,1,0.742060591045944,-0.154268330615807,-1.08440893143088,0.775872270199262,descriptive
Left Hippocampus (body),Memory,RAVLT-DR,0.293605146863839,1,0.589504606100379,-0.244297372786218,-1.14225308005186,0.65365833447942,descriptive
Left Hippocampus (body),Memory,RAVLT-Rec-FP,2.02152899305563,1,0.159228196484787,-0.684106367840354,-1.64261328381723,0.274400548136518,descriptive
Left Hippocampus (body),Memory,RAVLT-Rec-FN,0.893593382811888,1,0.347501122503747,0.454595338220172,-0.503200524103702,1.41239120054405,descriptive
Left Hippocampus (body),Attention,TMT-A,1.73319290996959,1,0.191960122436474,-0.576014707610114,-1.44743580770092,0.295406392480693,descriptive
Left Hippocampus (body),Attention,PST-D,1.28113229815861,1,0.261393029590415,-0.542167818372052,-1.49681614970141,0.412480512957301,descriptive
Left Hippocampus (body),Attention,PST-W,0.0817210660698268,1,0.775788119579423,0.135577762093101,-0.809631833029404,1.08078735721561,descriptive
Left Hippocampus (body),Executive function,TMT-B,0.593285973601556,1,0.443539002321118,-0.336041240016297,-1.20495862988429,0.532876149851698,descriptive
Left Hippocampus (body),Executive function,PST-C,0.427833140004219,1,0.515109461180577,-0.313247411898336,-1.26770569850295,0.64121087470628,descriptive
Left Hippocampus (body),Processing speed,GPT right,1.6441747714126,1,0.203702890779362,-0.553190755462868,-1.41262475180891,0.306243240883173,descriptive
Left Hippocampus (body),Processing speed,GPT left,2.58022313890223,1,0.112408870060078,-0.671898651895318,-1.50517056227261,0.161373258481971,descriptive
Right Hippocampus (head),Memory,RAVLT-IR,0.513705213259537,1,0.475736150246427,0.333965155650706,-0.594065069774343,1.26199538107575,descriptive
Right Hippocampus (head),Memory,RAVLT-B,0.275587433438255,1,0.601136151758912,-0.246135845072439,-1.17995571541053,0.687684025265652,descriptive
Right Hippocampus (head),Memory,RAVLT-DR,0.289087437807365,1,0.592376868312865,-0.250436592237595,-1.17812285674136,0.677249672266167,descriptive
Right Hippocampus (head),Memory,RAVLT-Rec-FP,3.18328212389781,1,0.0784397286037072,-0.842760905005757,-1.78373663196864,0.0982148219571236,descriptive
Right Hippocampus (head),Memory,RAVLT-Rec-FN,0.281182498915407,1,0.59747315598935,0.251966579771595,-0.694416023879433,1.19834918342262,descriptive
Right Hippocampus (head),Attention,TMT-A,0.563773956223543,1,0.4550622108119,0.349302032008683,-0.577243056136567,1.27584712015393,descriptive
Right Hippocampus (head),Attention,PST-D,0.492376790041748,1,0.485100126208118,0.336366063400885,-0.61900054650825,1.29173267331002,descriptive
Right Hippocampus (head),Attention,PST-W,0.743414146040512,1,0.391393010463899,0.414339640274835,-0.543400625591401,1.37207990614107,descriptive
Right Hippocampus (head),Executive function,TMT-B,1.20925902605756,1,0.274950077318307,0.498764715795011,-0.404581031725236,1.40211046331526,descriptive
Right Hippocampus (head),Executive function,PST-C,0.0194371804034777,1,0.889504336572248,-0.067491202695432,-1.03229100763431,0.897308602243445,descriptive
Right Hippocampus (head),Processing speed,GPT right,0.0137105955341532,1,0.907099946590326,-0.0511204713879842,-0.920838144583419,0.818597201807451,descriptive
Right Hippocampus (head),Processing speed,GPT left,0.965645846513991,1,0.328927932786076,-0.409517478733752,-1.2397029130889,0.420667955621393,descriptive
Left Hippocampus (head),Memory,RAVLT-IR,0.0007998896653277,1,0.9775111168,0.0133920535805479,-0.929691315250751,0.956475422411847,descriptive
Left Hippocampus (head),Memory,RAVLT-B,0.2479123186822,1,0.619986646388828,-0.234863458215854,-1.17433655615256,0.704609639720853,descriptive
Left Hippocampus (head),Memory,RAVLT-DR,1.27194358094158,1,0.262950299052513,-0.52647616099681,-1.45621877684734,0.403266454853723,descriptive
Left Hippocampus (head),Memory,RAVLT-Rec-FP,2.02751277227906,1,0.158620477046206,-0.687051223047341,-1.64826264484317,0.274160198748494,descriptive
Left Hippocampus (head),Memory,RAVLT-Rec-FN,0.862378496169561,1,0.356014024901462,0.449731288311192,-0.514812824148741,1.41427540077113,descriptive
Left Hippocampus (head),Attention,TMT-A,0.147948178971998,1,0.7015781518629,0.181495220516627,-0.758289395855159,1.12127983688841,descriptive
Left Hippocampus (head),Attention,PST-D,0.366327073856217,1,0.54689018614289,-0.290748658484807,-1.24814085540869,0.666643538439075,descriptive
Left Hippocampus (head),Attention,PST-W,0.0468136388582642,1,0.829307043096802,0.104128217517557,-0.855027028129628,1.06328346316474,descriptive
Left Hippocampus (head),Executive function,TMT-B,0.725014648387043,1,0.39717893807231,0.392278239973175,-0.525290856638298,1.30984733658465,descriptive
Left Hippocampus (head),Executive function,PST-C,0.0295820088176104,1,0.86391800181175,-0.0832613742913015,-1.04805942263356,0.881536674050952,descriptive
Left Hippocampus (head),Processing speed,GPT right,0.00109169370285482,1,0.97372983552121,-0.0145953828349927,-0.894583268374053,0.865392502704068,descriptive
Left Hippocampus (head),Processing speed,GPT left,1.17320413382077,1,0.282213833772475,-0.463027378200891,-1.3146192034338,0.388564447032018,descriptive
Right Hippocampus,Memory,RAVLT-IR,0.0206150200216552,1,0.886212695278448,0.067386303586837,-0.867368497678417,1.00214110485209,descriptive
Right Hippocampus,Memory,RAVLT-B,0.515736477453379,1,0.474867983353241,-0.337017870031989,-1.27168496908485,0.597649229020871,descriptive
Right Hippocampus,Memory,RAVLT-DR,1.00945480659131,1,0.318221713611771,-0.468456049317455,-1.39708744436713,0.460175345732223,descriptive
Right Hippocampus,Memory,RAVLT-Rec-FP,3.32900469952991,1,0.0720505907874199,-0.863031289934732,-1.80531339320255,0.0792508133330884,descriptive
Right Hippocampus,Memory,RAVLT-Rec-FN,0.36997896534336,1,0.54482931276067,0.290130688750465,-0.659868212571039,1.24012959007197,descriptive
Right Hippocampus,Attention,TMT-A,0.0438456233022076,1,0.834701361446055,0.0981852969345107,-0.835716657991582,1.0320872518606,descriptive
Right Hippocampus,Attention,PST-D,0.000542624473996388,1,0.981479074956662,-0.0112122995242041,-0.970506180856997,0.948081581808589,descriptive
Right Hippocampus,Attention,PST-W,0.190605297830145,1,0.663701914900451,0.209290996398146,-0.746118897120788,1.16470088991708,descriptive
Right Hippocampus,Executive function,TMT-B,0.226434897814049,1,0.635545005816883,0.216898008942574,-0.690926358867133,1.12472237675228,descriptive
Right Hippocampus,Executive function,PST-C,0.0239950224563024,1,0.877325076913856,-0.0743270220915475,-1.03062409224148,0.881970048058384,descriptive
Right Hippocampus,Processing speed,GPT right,0.332793764235129,1,0.56574617594039,-0.250213342416108,-1.11425459813041,0.613827913298193,descriptive
Right Hippocampus,Processing speed,GPT left,2.28604140530906,1,0.134744882029572,-0.621968385246601,-1.44144746103934,0.197510690546138,descriptive
Left Hippocampus,Memory,RAVLT-IR,0.312240212634515,1,0.577951515979315,-0.257333199114333,-1.17454440683471,0.659878008606048,descriptive
Left Hippocampus,Memory,RAVLT-B,0.356174450277888,1,0.552412302813461,-0.28166687485629,-1.22165495128459,0.658321201572008,descriptive
Left Hippocampus,Memory,RAVLT-DR,1.74977923419757,1,0.189870996658513,-0.609233283649392,-1.52653022083279,0.308063653534008,descriptive
Left Hippocampus,Memory,RAVLT-Rec-FP,1.45079433959354,1,0.232187836322468,-0.588788674069147,-1.56258498767877,0.385007639540479,descriptive
Left Hippocampus,Memory,RAVLT-Rec-FN,1.30845767396642,1,0.256264207825823,0.556043562306023,-0.412115975985523,1.52420310059757,descriptive
Left Hippocampus,Attention,TMT-A,0.358185846164118,1,0.551295082507399,-0.28041444060366,-1.21359163228466,0.652762751077342,descriptive
Left Hippocampus,Attention,PST-D,0.938955519613144,1,0.335746191085481,-0.476431093889213,-1.45633674078585,0.503474553007426,descriptive
Left Hippocampus,Attention,PST-W,0.0120240151096709,1,0.91298461113215,0.0536117729479054,-0.920799019209291,1.0280225651051,descriptive
Left Hippocampus,Executive function,TMT-B,0.00512775437684502,1,0.943101711327405,-0.0327730046117151,-0.944302241264465,0.878756232041035,descriptive
Left Hippocampus,Executive function,PST-C,0.0408465536212843,1,0.840396579012424,-0.0992883688684596,-1.07838901867718,0.879812280940257,descriptive
Left Hippocampus,Processing speed,GPT right,0.645909352267842,1,0.424118935047975,-0.358331992664398,-1.24653329024587,0.529869304917076,descriptive
Left Hippocampus,Processing speed,GPT left,2.56824751881277,1,0.113232061142453,-0.686578565802532,-1.54003902994448,0.166881898339415,descriptive
Right Amygdala,Memory,RAVLT-IR,0.0153344274569104,1,0.901775015321457,-0.0570232303959321,-0.974163968907465,0.860117508115601,descriptive
Right Amygdala,Memory,RAVLT-B,0.686112255637074,1,0.410083600187838,-0.37745022421925,-1.28502005349014,0.530119605051638,descriptive
Right Amygdala,Memory,RAVLT-DR,1.55039261288597,1,0.216903049496057,-0.566795733185413,-1.47341235648401,0.339820890113189,descriptive
Right Amygdala,Memory,RAVLT-Rec-FP,1.22271363002282,1,0.2723632005636,-0.52299432303801,-1.46520105537584,0.419212409299818,descriptive
Right Amygdala,Memory,RAVLT-Rec-FN,0.969142145812951,1,0.328017935246086,0.464268730317963,-0.475008175476202,1.40354563611213,descriptive
Right Amygdala,Attention,TMT-A,1.54903804812983,1,0.217101952178502,0.565323308136815,-0.339333383312136,1.46997999958577,descriptive
Right Amygdala,Attention,PST-D,0.301309498647404,1,0.584737745853411,0.262364693170239,-0.690224503652459,1.21495388999294,descriptive
Right Amygdala,Attention,PST-W,0.00332272816985641,1,0.954190404054684,0.027381225141313,-0.919318262214642,0.974080712497268,descriptive
Right Amygdala,Executive function,TMT-B,1.89415148379171,1,0.172776102841252,0.614030705753908,-0.27455778926893,1.50261920077675,descriptive
Right Amygdala,Executive function,PST-C,0.187106487451784,1,0.666611061578393,0.205798083923862,-0.742409831617324,1.15400599946505,descriptive
Right Amygdala,Processing speed,GPT right,0.00104118583546242,1,0.974344515597152,0.0142025243918446,-0.862622676219247,0.891027725002936,descriptive
Right Amygdala,Processing speed,GPT left,1.7911794263223,1,0.184825817944478,-0.559626041648661,-1.39261640020603,0.273364316908711,descriptive
Left Amygdala,Memory,RAVLT-IR,0.049125243281766,1,0.825186931700963,-0.105731049002431,-1.05582846029023,0.844366362285374,descriptive
Left Amygdala,Memory,RAVLT-B,0.11655850938716,1,0.733739598845504,-0.162349664196748,-1.10945297125428,0.784753642860787,descriptive
Left Amygdala,Memory,RAVLT-DR,1.66068800094269,1,0.201419544863888,-0.606363982722558,-1.54351012928966,0.330782163844547,descriptive
Left Amygdala,Memory,RAVLT-Rec-FP,1.21965334820973,1,0.27295925440355,-0.547448291508509,-1.53494692571808,0.440050342701061,descriptive
Left Amygdala,Memory,RAVLT-Rec-FN,0.36107830431782,1,0.54969594257365,0.294422479926163,-0.681439100286878,1.2702840601392,descriptive
Left Amygdala,Attention,TMT-A,1.29106424596087,1,0.25942215863349,0.533458756091171,-0.401612854375516,1.46853036655786,descriptive
Left Amygdala,Attention,PST-D,0.337244102250332,1,0.563212871875448,0.282526515716504,-0.68707593431531,1.25212896574832,descriptive
Left Amygdala,Attention,PST-W,0.0913705245225772,1,0.763301564541308,0.146622790070907,-0.820106980115962,1.11335256025778,descriptive
Left Amygdala,Executive function,TMT-B,1.51600949362344,1,0.222020959895051,0.566799954744043,-0.350046895240851,1.48364680472894,descriptive
Left Amygdala,Executive function,PST-C,0.221172032672584,1,0.639550388658867,0.228268280107946,-0.739089512234332,1.19562607245022,descriptive
Left Amygdala,Processing speed,GPT right,0.0836895588093207,1,0.773156517436961,0.1298679070775,-0.764420925363732,1.02415673951873,descriptive
Left Amygdala,Processing speed,GPT left,1.11029302852353,1,0.295401113795289,-0.452915205290306,-1.30918317688196,0.403352766301348,descriptive
PD,Memory,RAVLT-IR,0.253394442091411,1,0.616095747942557,0.0883240989894977,-0.26092234418227,0.437570542161265,causal
PD,Memory,RAVLT-B,0.0165802448418546,1,0.897871407961406,-0.0265520566301651,-0.436996153954214,0.383892040693884,causal
PD,Memory,RAVLT-DR,0.0228658055953517,1,0.880192032773947,0.0299538543646915,-0.364331621096837,0.42423932982622,causal
PD,Memory,RAVLT-Rec-FP,0.105339861019253,1,0.746382160553395,-0.0701917877932262,-0.500745991304432,0.360362415717979,causal
PD,Memory,RAVLT-Rec-FN,0.283390154128279,1,0.595981854044322,0.116165478577527,-0.318180720838149,0.550511677993202,causal
PD,Attention,TMT-A,2.67978176745376,1,0.105607373145468,-0.347199484661454,-0.769362979437457,0.0749640101145485,causal
PD,Attention,PST-D,0.0584408883401732,1,0.809628462347716,0.0520573648912687,-0.376828493962764,0.480943223745302,causal
PD,Attention,PST-W,4.37779782141769,1,0.0397488100698302,0.446737775223256,0.0214892878639827,0.87198626258253,causal
PD,Executive function,TMT-B,9.21714210911725,1,0.00324659859792318,-0.636442189486698,-1.05370736248444,-0.21917701648896,causal
PD,Executive function,PST-C,2.33721419980145,1,0.130466909275922,-0.321314523993925,-0.739914355873849,0.0972853078859999,causal
PD,Processing speed,GPT right,17.2874486219411,1,8.17812843508983e-05,-0.828735182000307,-1.22555031400797,-0.431920049992643,causal
PD,Processing speed,GPT left,25.0026199179791,1,3.44327386701386e-06,-0.918206004254554,-1.28378839526591,-0.552623613243197,causal
AHI,Memory,RAVLT-IR,2.40199216382325,1,0.125822780116734,-0.634584332672884,-1.45163412290294,0.182465457557166,causal
AHI,Memory,RAVLT-B,0.0143865722179096,1,0.904881156920855,-0.0634478613135985,-1.1190087568527,0.992113034225499,causal
AHI,Memory,RAVLT-DR,0.132595839977673,1,0.716885459544684,-0.180281266853174,-1.16822138646341,0.807658852757062,causal
AHI,Memory,RAVLT-Rec-FP,0.316424876772487,1,0.575641491209614,0.302844118679208,-0.771754279269989,1.3774425166284,causal
AHI,Memory,RAVLT-Rec-FN,0.120556259671381,1,0.729504292746338,-0.190172352480556,-1.28311523605905,0.902770531097936,causal
AHI,Attention,TMT-A,2.97985776477474,1,0.0888478493507165,-0.845775960870006,-1.82346903849251,0.1319171167525,causal
AHI,Attention,PST-D,2.94796759480118,1,0.0907475205128105,0.849068706310699,-0.138550522999978,1.83668793562138,causal
AHI,Attention,PST-W,0.236421580384693,1,0.628437991463077,-0.220946325754309,-1.12845603681832,0.6865633853097,causal
AHI,Executive function,TMT-B,1.64225204014652,1,0.204369427925596,-0.660427561309848,-1.68879958775114,0.367944465131447,causal
AHI,Executive function,PST-C,0.23918983477385,1,0.626438133352932,0.260393124095357,-0.80293232446975,1.32371857266046,causal
AHI,Processing speed,GPT right,0.402996681118436,1,0.527707634726336,0.324891146942175,-0.696635023203298,1.34641731708765,causal
AHI,Processing speed,GPT left,0.0126786385534133,1,0.910684800189097,-0.0535930412377292,-1.00361675670147,0.89643067422601,causal
Right Hippocampus (tail),Memory,RAVLT-IR,0.86367456083957,1,0.357783140633653,-0.941435132814358,-2.98303018424288,1.10015991861416,causal
Right Hippocampus (tail),Memory,RAVLT-B,0.0289298747163888,1,0.865720720342089,-0.22985843340247,-2.95344656397447,2.49372969716953,causal
Right Hippocampus (tail),Memory,RAVLT-DR,5.02320046278368,1,0.0301043654539432,-2.62514605681223,-4.98571931736358,-0.264572796260887,causal
Right Hippocampus (tail),Memory,RAVLT-Rec-FP,0.0929257030041592,1,0.761960782593114,-0.32882916578662,-2.50424367827324,1.8465853467,causal
Right Hippocampus (tail),Memory,RAVLT-Rec-FN,0.567589153489574,1,0.455231086651905,1.06578043343758,-1.78527043372172,3.91683130059689,causal
Right Hippocampus (tail),Attention,TMT-A,0.462259915578346,1,0.500131401882322,0.764837561474427,-1.50231297187465,3.0319880948235,causal
Right Hippocampus (tail),Attention,PST-D,0.343962866772174,1,0.560766051492338,0.736507372244631,-1.7996370819182,3.27265182640746,causal
Right Hippocampus (tail),Attention,PST-W,1.39628951314156,1,0.244154434632498,-1.10513195875259,-2.99390192467696,0.783638007171788,causal
Right Hippocampus (tail),Executive function,TMT-B,1.61431671105681,1,0.210563253295073,1.48186283792866,-0.868678549888507,3.83240422574582,causal
Right Hippocampus (tail),Executive function,PST-C,3.95408467473663,1,0.0534608554810439,2.72555415584579,-0.0425632184916758,5.49367153018326,causal
Right Hippocampus (tail),Processing speed,GPT right,0.0172185542201362,1,0.89621370530551,-0.15751509183319,-2.57834038278256,2.26331019911618,causal
Right Hippocampus (tail),Processing speed,GPT left,2.17643699151187,1,0.147423786588412,-1.51126175492356,-3.57714731925018,0.554623809403058,causal
Left Hippocampus (tail),Memory,RAVLT-IR,0.551091865074764,1,0.461816725867571,-0.520595913565344,-1.93392410388419,0.892732276753504,causal
Left Hippocampus (tail),Memory,RAVLT-B,0.233770607550008,1,0.631139464365741,-0.433618557888899,-2.241072231545,1.37383511576721,causal
Left Hippocampus (tail),Memory,RAVLT-DR,1.6269706099722,1,0.208815905864313,-1.09984735812127,-2.83763549799249,0.637940781749946,causal
Left Hippocampus (tail),Memory,RAVLT-Rec-FP,0.0186282482171654,1,0.892074630243516,0.104936339355385,-1.44559132873197,1.65546400744274,causal
Left Hippocampus (tail),Memory,RAVLT-Rec-FN,0.713496215253036,1,0.402855223611379,-0.780299754719624,-2.64204348679858,1.08144397735933,causal
Left Hippocampus (tail),Attention,TMT-A,0.530527909909956,1,0.470243931698085,-0.56820003248832,-2.14037690394204,1.0039768389654,causal
Left Hippocampus (tail),Attention,PST-D,0.0341103980701157,1,0.854382731461949,-0.161377716122164,-1.92600438791383,1.6032489556695,causal
Left Hippocampus (tail),Attention,PST-W,0.855101079169978,1,0.360524114558816,-0.775555704118399,-2.46933545759423,0.918224049357436,causal
Left Hippocampus (tail),Executive function,TMT-B,0.394301097955951,1,0.533292935395216,-0.534897958785423,-2.25166439600513,1.18186847843429,causal
Left Hippocampus (tail),Executive function,PST-C,0.640399185465816,1,0.42817898055498,0.727336450283995,-1.10819840316393,2.56287130373192,causal
Left Hippocampus (tail),Processing speed,GPT right,0.932373655623977,1,0.339646382716258,-0.745222375094452,-2.30165565152151,0.811210901332606,causal
Left Hippocampus (tail),Processing speed,GPT left,6.83304004044886,1,0.0122857465070879,-1.90914154529737,-3.38203307324977,-0.436250017344964,causal
Right Hippocampus (body),Memory,RAVLT-IR,0.836262123556396,1,0.365452370279604,-9.44271991419965,-30.2531071431221,11.3676673147228,causal
Right Hippocampus (body),Memory,RAVLT-B,0.300154316169672,1,0.586554481243756,-7.31169835146248,-34.2084749912814,19.5850782883564,causal
Right Hippocampus (body),Memory,RAVLT-DR,2.37823700482675,1,0.130198476350186,-17.4105090067956,-40.1634829173773,5.34246490378618,causal
Right Hippocampus (body),Memory,RAVLT-Rec-FP,0.998439912933876,1,0.323278331138086,11.6530741149607,-11.8659425674417,35.1720907973631,causal
Right Hippocampus (body),Memory,RAVLT-Rec-FN,0.221235095167531,1,0.640423685975563,6.09113917059991,-20.0079756782593,32.1902540194591,causal
Right Hippocampus (body),Attention,TMT-A,0.0189763071779353,1,0.891062909501511,-1.39603749127171,-21.8202583246897,19.0281833421462,causal
Right Hippocampus (body),Attention,PST-D,0.103160124269792,1,0.749701427147052,-3.91625515512218,-28.5407720781765,20.7082617679321,causal
Right Hippocampus (body),Attention,PST-W,5.50104703501165,1,0.0239243202539902,-26.7532454723674,-49.7892133044738,-3.71727764026106,causal
Right Hippocampus (body),Executive function,TMT-B,0.00183559992444267,1,0.966019807021462,0.538558175586442,-24.7950981335488,25.8722144847216,causal
Right Hippocampus (body),Executive function,PST-C,2.87223155412491,1,0.0977035263419999,21.8692396257311,-4.19089331689103,47.9293725683532,causal
Right Hippocampus (body),Processing speed,GPT right,2.3138405468084e-05,1,0.996184246415568,-0.0519162543729287,-21.8177975557657,21.7139650470199,causal
Right Hippocampus (body),Processing speed,GPT left,0.210090245729297,1,0.649004872362564,4.95319969181477,-16.8400759128983,26.7464752965278,causal
Left Hippocampus (body),Memory,RAVLT-IR,0.654665791753452,1,0.422803280218606,2.3349935160162,-3.48108313611932,8.15107016815172,causal
Left Hippocampus (body),Memory,RAVLT-B,0.879996922776284,1,0.353323590563894,3.59295187134584,-4.12612009306416,11.3120238357558,causal
Left Hippocampus (body),Memory,RAVLT-DR,0.493648157878133,1,0.486005180651138,2.25699916134798,-4.21706358417257,8.73106190686853,causal
Left Hippocampus (body),Memory,RAVLT-Rec-FP,2.20861022901856,1,0.144538023747756,-5.08234326066064,-11.9790867356936,1.81440021437234,causal
Left Hippocampus (body),Memory,RAVLT-Rec-FN,0.039626957874189,1,0.843128779151532,0.799684886808433,-7.2964509964807,8.89582077009756,causal
Left Hippocampus (body),Attention,TMT-A,0.629321322224509,1,0.431861619686276,2.32150906948383,-3.57626902798609,8.21928716695374,causal
Left Hippocampus (body),Attention,PST-D,0.0894799144569602,1,0.76635046874148,1.02468701500137,-5.89332195518176,7.94269598518451,causal
Left Hippocampus (body),Attention,PST-W,5.6809109396675,1,0.0218647787822157,7.50568763555177,1.1460237390611,13.8653515320424,causal
Left Hippocampus (body),Executive function,TMT-B,0.117025700714638,1,0.733911682855541,1.15018276704081,-5.62592802241403,7.92629355649565,causal
Left Hippocampus (body),Executive function,PST-C,1.44143512259299,1,0.236798035085905,-4.17953044533854,-11.2099721462522,2.85091125557507,causal
Left Hippocampus (body),Processing speed,GPT right,0.100350584844395,1,0.752942213118205,0.970304195683903,-5.2068376444428,7.14744603581061,causal
Left Hippocampus (body),Processing speed,GPT left,0.696662606117025,1,0.408520753574281,-2.46501763316184,-8.4209313656097,3.49089609928602,causal
Right Hippocampus (head),Memory,RAVLT-IR,1.50254934811865,1,0.226800052484035,0.894767565341772,-0.576359303302643,2.36589443398619,causal
Right Hippocampus (head),Memory,RAVLT-B,0.938205408645129,1,0.338034189310261,0.905503319437681,-0.978559362241394,2.78956600111676,causal
Right Hippocampus (head),Memory,RAVLT-DR,0.0907983006800486,1,0.764584227719369,-0.234375036533071,-1.80194437203507,1.33319429896893,causal
Right Hippocampus (head),Memory,RAVLT-Rec-FP,3.52150860780014,1,0.0673741924604716,-1.54485576340222,-3.20506634923979,0.115354822435356,causal
Right Hippocampus (head),Memory,RAVLT-Rec-FN,0.277129912146671,1,0.601232388400468,0.487445650914677,-1.3786708998449,2.35356220167426,causal
Right Hippocampus (head),Attention,TMT-A,0.581881085935618,1,0.449646381150544,0.608315960813819,-0.998870843529329,2.21550276515697,causal
Right Hippocampus (head),Attention,PST-D,1.32858417114185,1,0.255733496422615,1.28342693713347,-0.96526147231202,3.53211534657896,causal
Right Hippocampus (head),Attention,PST-W,4.40753129288581,1,0.0419792982870146,2.09722373450009,0.0797879033643829,4.1146595656358,causal
Right Hippocampus (head),Executive function,TMT-B,0.670306614612005,1,0.417357049172112,0.707211804817196,-1.0336608985334,2.44808450816779,causal
Right Hippocampus (head),Executive function,PST-C,0.0134423431228125,1,0.908265232022047,0.118935411673362,-1.95276217374744,2.19063299709416,causal
Right Hippocampus (head),Processing speed,GPT right,0.0143855771605198,1,0.905089417256459,0.118778483670085,-1.87838561154681,2.11594257888698,causal
Right Hippocampus (head),Processing speed,GPT left,0.152085200768467,1,0.698475668334188,-0.358273644073122,-2.21099881456912,1.49445152642288,causal
Left Hippocampus (head),Memory,RAVLT-IR,1.59954619743155,1,0.212625468630435,1.66225908904126,-0.986573977685074,4.31109215576758,causal
Left Hippocampus (head),Memory,RAVLT-B,3.37927243499284,1,0.0727777592182562,2.916701431516,-0.280975904113934,6.11437876714594,causal
Left Hippocampus (head),Memory,RAVLT-DR,0.366714267469358,1,0.547911860706024,0.850423429094762,-1.97983165875499,3.68067851694452,causal
Left Hippocampus (head),Memory,RAVLT-Rec-FP,1.10550006367306,1,0.298935366254451,-1.72591232540285,-5.03630081042264,1.58447615961693,causal
Left Hippocampus (head),Memory,RAVLT-Rec-FN,0.0700637504856355,1,0.792480026804607,0.441939536658086,-2.92294706028973,3.8068261336059,causal
Left Hippocampus (head),Attention,TMT-A,0.745552569732233,1,0.392570448989106,1.32412090685895,-1.76647890567867,4.41472071939657,causal
Left Hippocampus (head),Attention,PST-D,0.360005383984005,1,0.551805248428885,1.01943109565468,-2.41184801986904,4.4507102111784,causal
Left Hippocampus (head),Attention,PST-W,6.02257216048333,1,0.0184600041586772,3.66221640932331,0.648477214986512,6.6759556036601,causal
Left Hippocampus (head),Executive function,TMT-B,1.2356301565637,1,0.272352024394612,1.63440550446111,-1.32885500670721,4.59766601562944,causal
Left Hippocampus (head),Executive function,PST-C,0.487495175337933,1,0.4889881321396,-1.11210470795209,-4.32882416840686,2.10461475250269,causal
Left Hippocampus (head),Processing speed,GPT right,0.123917279139098,1,0.726543508947779,0.614287072816022,-2.90492192956368,4.13349607519573,causal
Left Hippocampus (head),Processing speed,GPT left,0.486921401874227,1,0.489060104330399,-0.960124863730877,-3.73496458704708,1.81471485958533,causal
Right Hippocampus,Memory,RAVLT-IR,1.09083014555595,1,0.301991661725947,1.71200758304594,-1.59154622649709,5.01556139258898,causal
Right Hippocampus,Memory,RAVLT-B,1.06733602788246,1,0.307193227617895,2.1824464413716,-2.07498121345458,6.43987409619778,causal
Right Hippocampus,Memory,RAVLT-DR,0.284552243817794,1,0.596417428986344,0.926039320879485,-2.57262831301816,4.42470695477713,causal
Right Hippocampus,Memory,RAVLT-Rec-FP,1.72319699851378,1,0.196245364416891,-2.37521208156349,-6.02421782805002,1.27379366492304,causal
Right Hippocampus,Memory,RAVLT-Rec-FN,0.02464301690214,1,0.87597799832578,-0.323874415310313,-4.4818694976897,3.83412066706908,causal
Right Hippocampus,Attention,TMT-A,0.226846384660837,1,0.636228776703712,0.773033486668879,-2.49801244967622,4.04407942301398,causal
Right Hippocampus,Attention,PST-D,0.418204185844016,1,0.521438515522616,1.38077252618029,-2.93124599462704,5.69279104698762,causal
Right Hippocampus,Attention,PST-W,7.30628342758225,1,0.00995347912893971,5.08560506950802,1.28592490485507,8.88528523416097,causal
Right Hippocampus,Executive function,TMT-B,0.118302045713247,1,0.732521747056267,0.655655123411229,-3.18613467301882,4.49744491984127,causal
Right Hippocampus,Executive function,PST-C,1.62507013208669,1,0.209563577514523,-2.57618962261215,-6.65745129279143,1.50507204756712,causal
Right Hippocampus,Processing speed,GPT right,0.00361011091303907,1,0.95236696209064,0.111135314619033,-3.61905877189401,3.84132940113207,causal
Right Hippocampus,Processing speed,GPT left,0.56945217176839,1,0.454589892791171,-1.36534781225772,-5.01418336116271,2.28348773664728,causal
Left Hippocampus,Memory,RAVLT-IR,0.910803596626414,1,0.345115299861284,17.6251348764092,-19.5946918956321,54.8449616484504,causal
Left Hippocampus,Memory,RAVLT-B,1.52180207979826,1,0.223896335351287,29.0508767544973,-18.4098543647953,76.5116078737899,causal
Left Hippocampus,Memory,RAVLT-DR,1.45226245123877,1,0.234606846131328,23.7565135922145,-15.9731070517704,63.4861342361994,causal
Left Hippocampus,Memory,RAVLT-Rec-FP,1.23351906323482,1,0.272895826263441,-23.5531601471532,-66.3208577460703,19.2145374517638,causal
Left Hippocampus,Memory,RAVLT-Rec-FN,0.0502237591914947,1,0.823711763824689,5.25301322908376,-41.9867979841428,52.4928244423103,causal
Left Hippocampus,Attention,TMT-A,0.0980578737759335,1,0.755652396462321,6.27786355854643,-34.1261867740256,46.6819138911185,causal
Left Hippocampus,Attention,PST-D,0.231451890238993,1,0.633006987359692,10.5926274632635,-33.8731613295483,55.0584162560754,causal
Left Hippocampus,Attention,PST-W,4.7409347277088,1,0.0352626980762812,44.577605888533,3.23123268410026,85.9239790929657,causal
Left Hippocampus,Executive function,TMT-B,0.00183285757149612,1,0.966045183536814,0.925018973767085,-42.6202070240515,44.4702449715857,causal
Left Hippocampus,Executive function,PST-C,2.28625075706174,1,0.138195230466512,-33.5014494206417,-78.2474613336393,11.244562492356,causal
Left Hippocampus,Processing speed,GPT right,0.0166945014199858,1,0.897796184735418,2.62940145381622,-38.4108289628976,43.66963187053,causal
Left Hippocampus,Processing speed,GPT left,0.120007468159953,1,0.730715871113769,-6.47322657058746,-44.1571653709255,31.2107122297506,causal
Right Amygdala,Memory,RAVLT-IR,1.3795238806987,1,0.246499929700946,3.51707049355739,-2.51783854409712,9.5519795312119,causal
Right Amygdala,Memory,RAVLT-B,0.754412716707202,1,0.389795807627199,3.42718176263977,-4.52501110694574,11.3793746322253,causal
Right Amygdala,Memory,RAVLT-DR,1.6232245808955,1,0.209331340864284,4.02582939575298,-2.34242388725992,10.3940826787659,causal
Right Amygdala,Memory,RAVLT-Rec-FP,0.862000988760172,1,0.358361979524395,-3.76605936228174,-11.9464284267276,4.41430970216408,causal
Right Amygdala,Memory,RAVLT-Rec-FN,0.000778050505910778,1,0.977873180532133,0.105325904839301,-7.50469011327919,7.71534192295779,causal
Right Amygdala,Attention,TMT-A,0.242824347830776,1,0.62462385136781,1.62427676649456,-5.01878336503946,8.26733689802859,causal
Right Amygdala,Attention,PST-D,0.13842262146336,1,0.711770339027592,1.35322843701922,-5.9922527173386,8.69870959137703,causal
Right Amygdala,Attention,PST-W,5.4172530452434,1,0.0249545118074511,7.82849556843725,1.03581148086101,14.6211796560135,causal
Right Amygdala,Executive function,TMT-B,0.0884116958862037,1,0.767605486125372,1.04004277173867,-6.0093321031425,8.08941764661984,causal
Right Amygdala,Executive function,PST-C,4.16839524704339,1,0.0476546310224366,-6.90769115156265,-13.7405293033743,-0.0748529997510321,causal
Right Amygdala,Processing speed,GPT right,0.117915249966945,1,0.732979981092444,1.3351052124364,-6.50587073901987,9.17608116389268,causal
Right Amygdala,Processing speed,GPT left,0.514662203027663,1,0.477006869378179,-2.3570912520343,-8.98314382103545,4.26896131696684,causal
Left Amygdala,Memory,RAVLT-IR,0.637150057786806,1,0.429032008747542,-1.60884245086267,-5.67090793606099,2.45322303433565,causal
Left Amygdala,Memory,RAVLT-B,0.0410151231779857,1,0.840442296367684,-0.509351769534746,-5.57809248489073,4.55938894582124,causal
Left Amygdala,Memory,RAVLT-DR,0.702827776403589,1,0.406366493499642,-1.81161489766603,-6.16669043218083,2.54346063684878,causal
Left Amygdala,Memory,RAVLT-Rec-FP,0.214241486042482,1,0.645797091163713,1.15176474480108,-3.86647739620268,6.17000688580485,causal
Left Amygdala,Memory,RAVLT-Rec-FN,1.09052755855055,1,0.302057910422241,-2.53537387385653,-7.42840473678442,2.35765698907135,causal
Left Amygdala,Attention,TMT-A,1.26826589001859,1,0.266197263185329,2.48646864998624,-1.96324535516243,6.93618265513491,causal
Left Amygdala,Attention,PST-D,0.158688661144986,1,0.692433672948788,0.952950999048907,-3.87819641931311,5.78409841741092,causal
Left Amygdala,Attention,PST-W,4.852212847312,1,0.0332891271816016,-4.74078236128642,-9.08721311283845,-0.394351609734384,causal
Left Amygdala,Executive function,TMT-B,1.28010243313347,1,0.264008996395404,2.58987613661924,-2.02341538571381,7.2031676589523,causal
Left Amygdala,Executive function,PST-C,3.83309093112392,1,0.0570795019791443,4.88487607279165,-0.153976564362763,9.92372870994606,causal
Left Amygdala,Processing speed,GPT right,0.0182430675064969,1,0.893189261101881,-0.358682502355404,-5.71419302260351,4.9968280178927,causal
Left Amygdala,Processing speed,GPT left,0.0889775867477313,1,0.766917673506908,-0.582187993374844,-4.51825562141233,3.35387963466264,causal
